<?xml version="1.0" encoding="UTF-8"?>
<project-private xmlns="http://www.netbeans.org/ns/project-private/1">
    <editor-bookmarks xmlns="http://www.netbeans.org/ns/editor-bookmarks/2" lastBookmarkId="0"/>
    <open-files xmlns="http://www.netbeans.org/ns/projectui-open-files/2">
        <group>
            <file>file:/C:/Users/Marco/Desktop/ElGranAhorrador/web/Principal.jsp</file>
            <file>file:/C:/Users/Marco/Desktop/ElGranAhorrador/src/java/config/Conexion.java</file>
            <file>file:/C:/Users/Marco/Desktop/ElGranAhorrador/web/ListaEnvio.jsp</file>
            <file>file:/C:/Users/Marco/Desktop/ElGranAhorrador/src/java/modelo/Login.java</file>
            <file>file:/C:/Users/Marco/Desktop/ElGranAhorrador/src/java/modelo/TipoEmpleadoDAO.java</file>
            <file>file:/C:/Users/Marco/Desktop/ElGranAhorrador/src/java/modelo/Afiliado.java</file>
            <file>file:/C:/Users/Marco/Desktop/ElGranAhorrador/web/Factura.jsp</file>
            <file>file:/C:/Users/Marco/Desktop/ElGranAhorrador/src/java/db/DBElGranAhorrador.sql</file>
            <file>file:/C:/Users/Marco/Desktop/ElGranAhorrador/src/java/modelo/FacturaDAO.java</file>
            <file>file:/C:/Users/Marco/Desktop/ElGranAhorrador/src/java/controlador/Controlador.java</file>
            <file>file:/C:/Users/Marco/Desktop/ElGranAhorrador/src/java/modelo/TipoEmpleado.java</file>
        </group>
    </open-files>
</project-private>
